Datum,Rohdaten_BetMines
2025-11-28,"Verdoppelung Des Tages November 28, 2025 Markt BetMines Odd Österreich / 2. Liga 17:00 Liefering Austria Klagenfurt 2 2 Anzahl der Tore +1.5 1.25 Deutschland / 2. Bundesliga 17:30 Hannover 96 Karlsruher SC 3 0 Anzahl der Tore +2.5 1.53 Gesamtquote: 1.91"

2025-11-29,Verdoppelung des Tages,"Verdoppelung Des Tages November 29, 2025 Markt BetMines Odd Tschechische Republik / Chance Liga 14:00 Zlín Karviná Anzahl der Tore +1.5 1.25 England / Premier League 15:00 Manchester City Leeds United Anzahl der Tore +2.5 1.53 Gesamtquote: 1.91",1.91
2025-11-30,Verdoppelung des Tages,"Verdoppelung Des Tages November 30, 2025 Markt BetMines Odd Dänemark / First Division 14:00 Horsens Aalborg BK Anzahl der Tore +1.5 1.25 Schweiz / Super League 15:30 Lausanne Sport Thun Anzahl der Tore +2.5 1.53 Gesamtquote: 1.91",1.91

2025-12-01,Verdoppelung des Tages,"Verdoppelung Des Tages December 1, 2025 Markt BetMines Odd Polen / 1. Liga 16:00 Stal Rzeszów Pogon Grodzisk Mazowiecki Anzahl der Tore +2.5 1.44 Italien / Serie A 19:45 Bologna Cremonese 1X2 1 1.48 Gesamtquote: 2.13",2.13
2025-12-02,Verdoppelung des Tages,"Verdoppelung Des Tages December 2, 2025 Markt BetMines Odd England / Premier League 19:30 Fulham Manchester City Anzahl der Tore +1.5 1.22 England / Premier League 20:15 Newcastle United Tottenham Hotspur Anzahl der Tore +2.5 1.66 Gesamtquote: 2.03",2.03
2025-12-03,Verdoppelung des Tages,"Verdoppelung Des Tages December 3, 2025 Markt BetMines Odd Deutschland / DFB Pokal 17:00 VfL Bochum 1848 VfB Stuttgart Anzahl der Tore +2.5 1.44 England / Premier League 19:30 Arsenal Brentford 1X2 1 1.36 Gesamtquote: 1.96",1.96
2025-12-04,Verdoppelung des Tages,"Verdoppelung Des Tages December 4, 2025 Markt BetMines Odd Italien / Coppa Italia 17:00 Bologna Parma Anzahl der Tore +1.5 1.36 England / Premier League 20:00 Manchester United West Ham United Anzahl der Tore +2.5 1.53 Gesamtquote: 2.08",2.08
2025-12-05,Verdoppelung des Tages,"Verdoppelung Des Tages December 5, 2025 Markt BetMines Odd Deutschland / 3. Liga 18:00 Rot-Weiss Essen Stuttgart II Anzahl der Tore +2.5 1.53 Frankreich / Ligue 1 20:00 LOSC Lille Olympique Marseille Anzahl der Tore +1.5 1.22 Gesamtquote: 1.87",1.87
2025-12-06,Verdoppelung des Tages,"Verdoppelung Des Tages December 6, 2025 Markt BetMines Odd Nordirland / Championship 15:00 Dundela Armagh City Anzahl der Tore +2.5 1.57 England / Premier League 17:30 Leeds United Liverpool Anzahl der Tore +1.5 1.2 Gesamtquote: 1.88",1.88
2025-12-07,Verdoppelung des Tages,"Verdoppelung Des Tages December 7, 2025 Markt BetMines Odd Belgien / Pro League 17:30 Antwerp Genk Anzahl der Tore +1.5 1.25 Israel / Ligat ha'Al 18:00 Hapoel Haifa Maccabi Netanya Anzahl der Tore +2.5 1.57 Gesamtquote: 1.96",1.96
2025-12-08,Verdoppelung des Tages,"Verdoppelung Des Tages December 8, 2025 Markt BetMines Odd Italien / Serie A 19:45 Torino Milan Anzahl der Tore -3.5 1.28 England / Premier League 20:00 Wolverhampton Wanderers Manchester United 1X2 2 1.66 Gesamtquote: 2.12",2.12
2025-12-09,Verdoppelung des Tages,"Verdoppelung Des Tages December 9, 2025 Markt BetMines Odd Europa / Champions League 20:00 Atalanta Chelsea Doppelte Chance X2 1.33 Europa / Champions League 20:00 Tottenham Hotspur Slavia Praha 1X2 1 1.44 Gesamtquote: 1.92",1.92
2025-12-10,Verdoppelung des Tages,"Verdoppelung Des Tages December 10, 2025 Markt BetMines Odd Europa / Champions League 17:45 Qarabağ Ajax Anzahl der Tore +1.5 1.2 Europa / Champions League 20:00 Bayer 04 Leverkusen Newcastle United Anzahl der Tore +2.5 1.66 Gesamtquote: 1.99",1.99
2025-12-11,Verdoppelung des Tages,"Verdoppelung Des Tages December 11, 2025 Markt BetMines Odd Europa / Europa League 20:00 Porto Malmö FF 1X2 1 1.2 Europa / Europa League 20:00 SC Freiburg Salzburg Anzahl der Tore +2.5 1.61 Gesamtquote: 1.93",1.93
2025-12-12,Verdoppelung des Tages,"Verdoppelung Des Tages December 12, 2025 Markt BetMines Odd Österreich / 2. Liga 17:00 Kapfenberger SV Floridsdorfer AC Anzahl der Tore +1.5 1.25 Österreich / 2. Liga 17:00 Schwarz-Weiß Bregenz St. Pölten Anzahl der Tore +2.5 1.57 Gesamtquote: 1.96",1.96
2025-12-13,Verdoppelung des Tages,"Verdoppelung Des Tages December 13, 2025 Markt BetMines Odd Frankreich / Ligue 1 18:00 Metz Paris Saint Germain 1X2 2 1.3 England / Premier League 20:00 Arsenal Wolverhampton Wanderers Anzahl der Tore +2.5 1.5 Gesamtquote: 1.95",1.95
2025-12-14,Verdoppelung des Tages,"Verdoppelung Des Tages December 14, 2025 Markt BetMines Odd Deutschland / Bundesliga 14:30 SC Freiburg Borussia Dortmund Anzahl der Tore +1.5 1.25 Deutschland / 3. Liga 15:30 Jahn Regensburg Waldhof Mannheim Anzahl der Tore +2.5 1.57 Gesamtquote: 1.96",1.96
2025-12-15,Verdoppelung des Tages,"Verdoppelung Des Tages December 15, 2025 Markt BetMines Odd Türkei / 1. Lig 17:00 Sakaryaspor Hatayspor Anzahl der Tore +2.5 1.47 Israel / Ligat ha'Al 18:00 Maccabi Tel Aviv Hapoel Petah Tikva Anzahl der Tore +2.5 1.5 Gesamtquote: 2.21",2.21
2025-12-16,Verdoppelung des Tages,"Verdoppelung Des Tages December 16, 2025 Markt BetMines Odd Schweiz / Super League 19:30 St. Gallen Sion Doppelte Chance 1X 1.4 Schweiz / Super League 19:30 Winterthur Thun Anzahl der Tore +2.5 1.47 Gesamtquote: 2.06",2.06
2025-12-17,Verdoppelung des Tages,"Verdoppelung Des Tages December 17, 2025 Markt BetMines Odd Spanien / Copa Del Rey 18:00 Atlético Baleares Atlético Madrid 1X2 2 1.22 Belgien / Challenger Pro League 19:00 Jong KRC Genk U23 SK Beveren Anzahl der Tore +2.5 1.57 Gesamtquote: 1.92",1.92
2025-12-19,Verdoppelung des Tages,"Verdoppelung Des Tages December 19, 2025 Markt BetMines Odd Niederlande / Eerste Divisie 19:00 FC Eindhoven Jong AZ Anzahl der Tore +2.5 1.53 Portugal / Liga Portugal 20:15 Estoril Sporting Braga Anzahl der Tore +1.5 1.25 Gesamtquote: 1.91",1.91
2025-12-20,Verdoppelung des Tages,"Verdoppelung Des Tages December 20, 2025 Markt BetMines Odd Deutschland / 3. Liga 15:30 1860 München Verl Anzahl der Tore +2.5 1.61 England / Premier League 17:30 Tottenham Hotspur Liverpool Anzahl der Tore +1.5 1.2 Gesamtquote: 1.93",1.93
2025-12-21,Verdoppelung des Tages,"Verdoppelung Des Tages December 21, 2025 Markt BetMines Odd Schweiz / Super League 15:30 Lugano Young Boys Anzahl der Tore +2.5 1.6 Deutschland / 3. Liga 18:30 Viktoria Köln MSV Duisburg Anzahl der Tore +1.5 1.22 Gesamtquote: 1.95",1.95
2025-12-22,Verdoppelung des Tages,"Verdoppelung Des Tages December 22, 2025 Markt BetMines Odd Türkei / 1. Lig 17:00 Bodrumspor Amed SK Anzahl der Tore +1.5 1.22 Israel / Ligat ha'Al 18:30 Maccabi Haifa Beitar Jerusalem Anzahl der Tore +2.5 1.57 Gesamtquote: 1.92",1.92
2025-12-23,Verdoppelung des Tages,"Verdoppelung Des Tages December 23, 2025 Markt BetMines Odd England / Carabao Cup 20:00 Arsenal Crystal Palace Anzahl der Tore +2.5 1.95 Gesamtquote: 1.95",1.95
2025-12-24,Verdoppelung des Tages,"Verdoppelung Des Tages December 24, 2025 Markt BetMines Odd Asien / AFC Champions League Two 16:00 Al Nassr Al Zawra'a Anzahl der Tore +2.5 1.61 Welt / Africa Cup of Nations 17:30 Côte d'Ivoire Mozambique 1X2 1 1.36 Gesamtquote: 2.19",2.19
2025-12-25,Verdoppelung des Tages,"Verdoppelung Des Tages December 25, 2025 Markt BetMines Odd Israel / State Cup 18:00 Hapoel Tel Aviv Ashdod Anzahl der Tore +2.5 1.95 Gesamtquote: 1.95",1.95
